{
    "eval_losses": [
        3.1911392211914062,
        3.633260488510132,
        3.0891737937927246,
        3.0846920013427734
    ],
    "step": 825000
}